<!--This script builds a Zip file for the connector and its non-teiid dependencies -->
<assembly>
  
  <id>bundle</id>
  
  <formats>
    <format>zip</format>
  </formats>
  
  <includeBaseDirectory>false</includeBaseDirectory>
   
  <fileSets>
    <fileSet>
      <directory>target/classes</directory>
      <includes><include>${project.artifactId}.xml</include></includes>
      <outputDirectory>/</outputDirectory>
    </fileSet>
    <fileSet>
      <directory>target/dependency</directory>
      <outputDirectory>/</outputDirectory>
    </fileSet>    
  </fileSets>
  
  <dependencySets>
    <dependencySet>
      <useProjectArtifact>true</useProjectArtifact>      
      <useTransitiveDependencies>false</useTransitiveDependencies>
      <useTransitiveFiltering>false</useTransitiveFiltering>
      <useDefaultExcludes>true</useDefaultExcludes>
      <unpack>false</unpack>
      
      <excludes>
        <exclude>teiid:*</exclude>
      </excludes>      
    </dependencySet>
  </dependencySets>
  
</assembly>