        <ComponentType Name="XML Connector" ComponentTypeCode="2" Deployable="true" Deprecated="false" Monitorable="false" SuperComponentType="Connector" ParentComponentType="Connectors" LastChangedDate="2008-10-31T10:26:19.917-06:00" CreationDate="2008-10-31T10:26:19.917-06:00">
            <PropertyDefinition Name="ConnectorTypeClassPath" DisplayName="Connector Type Class Path" ShortDescription="Connector Type classpath (defined by system, do not modify)" DefaultValue="extensionjar:connector_patch.jar;extensionjar:${project.artifactId}-${project.version}.jar;${classpath}" IsModifiable="false"/>
            <PropertyDefinition Name="UsePostDelegation" DisplayName="Use Separate Classloader" ShortDescription="Set to true to indicate that the connector classpath and connector type classpath entries should be loaded by a connector specific post-delegation class loader." PropertyType="Boolean" IsRequired="true" IsExpert="true" DefaultValue="true"/>
        </ComponentType>

        <ComponentType Name="XML File Connector" ComponentTypeCode="2" Deployable="true" Deprecated="false" Monitorable="false" SuperComponentType="XML Connector" ParentComponentType="Connectors" LastChangedDate="2008-10-31T10:26:19.917-06:00" CreationDate="2008-10-31T10:26:19.917-06:00">
            <PropertyDefinition Name="CharacterEncodingScheme" DisplayName="File Encoding Used" ShortDescription="A character-encoding scheme is a mapping between a coded character set and a set of octet (eight-bit byte) sequences. Some samples are UTF-8,ISO-8859-1,UTF-16)" DefaultValue="ISO-8859-1" />
            <PropertyDefinition Name="ConnectorClass" DisplayName="Connector Class" ShortDescription="" DefaultValue="com.metamatrix.connector.xmlsource.XMLSourceConnector" IsRequired="true" IsExpert="true" />
            <PropertyDefinition Name="ConnectionType" DisplayName="Type Of XML Connection" ShortDescription="Connection type used to get the XML data" DefaultValue="com.metamatrix.connector.xmlsource.file.FileConnection" IsRequired="true" IsExpert="true" />
            <PropertyDefinition Name="Standard" DisplayName="Standard Type" ShortDescription="Standard Built-in Connector Type" DefaultValue="true" PropertyType="Boolean" IsExpert="true" IsModifiable="false" />
            <PropertyDefinition Name="DirectoryLocation" DisplayName="XML File(s) Directory Location" ShortDescription="" DefaultValue="" IsRequired="true"  />
        </ComponentType>
        <ComponentType Name="XML SOAP Connector" ComponentTypeCode="2" Deployable="true" Deprecated="false" Monitorable="false" SuperComponentType="XML Connector" ParentComponentType="Connectors" LastChangedDate="2008-10-31T10:26:19.917-06:00" CreationDate="2008-10-31T10:26:19.917-06:00">
            <PropertyDefinition Name="AuthPassword" DisplayName="Authentication User Password" ShortDescription="Password value for authentication" DefaultValue="" IsExpert="true" IsMasked="true"  />
            <PropertyDefinition Name="SAMLPropertyFile" DisplayName="SAML Property File (only required when SAML profile used)" ShortDescription="SAML Security property file (saml.properties)" DefaultValue="" IsExpert="true"  />
            <PropertyDefinition Name="Standard" DisplayName="Standard Type" ShortDescription="Standard Built-in Connector Type" DefaultValue="true" PropertyType="Boolean" IsExpert="true" IsModifiable="false" />
            <PropertyDefinition Name="wsdl" DisplayName="WSDL File (URL)" ShortDescription="URL to Web Service Definition File" DefaultValue="" IsRequired="true"  />
            <PropertyDefinition Name="AuthUserName" DisplayName="Authentication User Name" ShortDescription="Name value for authentication" DefaultValue="" IsExpert="true"  />
            <PropertyDefinition Name="WSSecurityType" DisplayName="WS-Security Type(UsernameToken, SAML..)" ShortDescription="Type of WS-Security to be used; Combinations of multiple security types can be used with a space in-between. Allowed types are: (UsernameToken, UsernameToken-Digest, SAMLTokenUnsigned, SAMLTokenSigned, Signature, Timestamp, Encrypt)" DefaultValue=""  />
            <PropertyDefinition Name="ConnectorClass" DisplayName="Connector Class" ShortDescription="" DefaultValue="com.metamatrix.connector.xmlsource.XMLSourceConnector" IsRequired="true" IsExpert="true" />
            <PropertyDefinition Name="EncryptUserName" DisplayName="Encrypt UserName (only if Encrypt profile used)" ShortDescription="The username to be used in the encryption; if blank uses auth username" DefaultValue="" IsExpert="true"  />
            <PropertyDefinition Name="EndPoint" DisplayName="Alternate End Point" ShortDescription="An alternate service endpoint other than one specified in WSDL, to execute the service" DefaultValue=""  />
            <PropertyDefinition Name="SecurityType" DisplayName="WebService Security Used(None, HTTPBasic, WS-Security)" ShortDescription="Type of Authentication to used with the web service; If WS-Secuirty is being used, then WS-Secuirty type must be defined" DefaultValue="None" IsRequired="true"  />
            <PropertyDefinition Name="CryptoPropertyFile" DisplayName="User Crypto Property File (If SAML or Signature profile used)" ShortDescription="The file defines properties of cryptography;defines the certificates;(crypto.properties)" DefaultValue="" IsExpert="true"  />
            <PropertyDefinition Name="ConnectionType" DisplayName="Type Of XML Connection" ShortDescription="Connection type used to get the XML data" DefaultValue="com.metamatrix.connector.xmlsource.soap.SoapConnection" IsRequired="true" IsExpert="true"  />
            <PropertyDefinition Name="EncryptPropertyFile" DisplayName="Encrypt crypto property file (only if Encrypt profile used)" ShortDescription="The file defines properties of cryptography for encryption of the message;(crypto.properties)" DefaultValue="" IsExpert="true"  />
            <PropertyDefinition Name="TrustType" DisplayName="Trust Type:(DirectReference or IssuerSerial)" ShortDescription="Only required for Signature and Signed SAML; The issuer-serial method presumes that all trusted users of the service are known to the service and have pre-registered their certificate chains before using the service. The direct-reference method presumes that the service operator trusts all users with certificates issued by a trusted CA." DefaultValue="DirectReference" IsExpert="true"  />
        </ComponentType>
        <ComponentType Name="XML-Relational File Connector" ComponentTypeCode="2" Deployable="true" Deprecated="false" Monitorable="false" SuperComponentType="XML Connector" ParentComponentType="Connectors" LastChangedDate="2008-10-31T10:26:19.918-06:00" CreationDate="2008-10-31T10:26:19.918-06:00">
            <PropertyDefinition Name="TextExtractionThreshold" DisplayName="Text Extraction Threshold (in kb)" ShortDescription="extract text sections larger than this size to a file where more efficient access as a CLOB can be effected." DefaultValue="128" PropertyType="Integer" IsExpert="true" />
            <PropertyDefinition Name="FilePath" DisplayName="File Path" ShortDescription="" IsRequired="true" />
            <PropertyDefinition Name="Standard" DisplayName="Standard Type" ShortDescription="Standard Built-in Connector Type" DefaultValue="true" PropertyType="Boolean" IsExpert="true" IsModifiable="false" />
            <PropertyDefinition Name="FileCacheLocation" DisplayName="Location of the File Cache" ShortDescription="" DefaultValue="" />
            <PropertyDefinition Name="CacheTimeout" DisplayName="Cache Timeout (in seconds)" ShortDescription="" DefaultValue="60" IsRequired="true" PropertyType="Integer" />
            <PropertyDefinition Name="SaxFilterProviderClass" DisplayName="XML Filter Provider" ShortDescription="The class the provides extended XML Filters" DefaultValue="com.metamatrix.connector.xml.base.NoExtendedFilters"  IsExpert="true" />
            <PropertyDefinition Name="ConnectorClass" DisplayName="Connector Class" ShortDescription="" DefaultValue="com.metamatrix.connector.xml.base.XMLConnector" IsRequired="true" IsExpert="true" />
            <PropertyDefinition Name="MaxFileCacheSize" DisplayName="Max Size of file cache (in kb)" ShortDescription="" DefaultValue="-1" IsRequired="true" PropertyType="Integer" />
            <PropertyDefinition Name="ConnectorStateClass" DisplayName="Connector State Class" ShortDescription="" DefaultValue="com.metamatrix.connector.xml.file.FileConnectorState" IsRequired="true" IsExpert="true" />
            <PropertyDefinition Name="LogRequestResponseDocs" DisplayName="Log XML Request and Response Documents" ShortDescription="Write the request and response documents to the log at Info level" DefaultValue="false" PropertyType="Boolean" IsExpert="true" />
            <PropertyDefinition Name="InputStreamFilterClass" DisplayName="Input Stream Filter Class" ShortDescription="The class to use to preprocess raw XML input stream" DefaultValue="com.metamatrix.connector.xml.base.PluggableInputStreamFilterImpl"  IsExpert="true" />
            <PropertyDefinition Name="MaxMemoryCacheSize" DisplayName="Max Size of in-memory cache (in kb)" ShortDescription="" DefaultValue="16384" IsRequired="true" PropertyType="Integer" />
            <PropertyDefinition Name="FileName" DisplayName="File Name" ShortDescription="" DefaultValue="" />
            <PropertyDefinition Name="QueryPreprocessorClass" DisplayName="Query Preprocessor Class" ShortDescription="The class to use to preprocess the IQuery" DefaultValue="com.metamatrix.connector.xml.base.NoQueryPreprocessing"  IsExpert="true" />
            <PropertyDefinition Name="ConnectorCapabilities" DisplayName="Connector Capabilities Class" ShortDescription="The class to use to provide the Connector Capabilities" DefaultValue="com.metamatrix.connector.xml.base.XMLCapabilities"  IsExpert="true" />
        </ComponentType>
        <ComponentType Name="XML-Relational HTTP Connector" ComponentTypeCode="2" Deployable="true" Deprecated="false" Monitorable="false" SuperComponentType="XML Connector" ParentComponentType="Connectors" LastChangedDate="2008-10-31T10:26:19.920-06:00" CreationDate="2008-10-31T10:26:19.921-06:00">
            <PropertyDefinition Name="TextExtractionThreshold" DisplayName="Text Extraction Threshold (in kb)" ShortDescription="Extract text sections larger than this size to a file where more efficient access as a CLOB can be effected." DefaultValue="128" PropertyType="Integer" IsExpert="true" />
            <PropertyDefinition Name="FileCacheLocation" DisplayName="Location of the File Cache" ShortDescription="" DefaultValue="" />
            <PropertyDefinition Name="CacheTimeout" DisplayName="Cache Timeout (in seconds)" ShortDescription="" DefaultValue="60" IsRequired="true" PropertyType="Integer" />
            <PropertyDefinition Name="SaxFilterProviderClass" DisplayName="XML Filter Provider" ShortDescription="The class the provides extended XML Filters" DefaultValue="com.metamatrix.connector.xml.base.NoExtendedFilters"  IsExpert="true" />
            <PropertyDefinition Name="XMLParmName" DisplayName="XML Parameter Name" ShortDescription="" />
            <PropertyDefinition Name="RequestTimeout" DisplayName="Request Timeout (in Milliseconds)" ShortDescription="" DefaultValue="10000" IsRequired="true" PropertyType="Integer" />
            <PropertyDefinition Name="MaxFileCacheSize" DisplayName="Max Size of file cache (in kb)" ShortDescription="" DefaultValue="-1" IsRequired="true" PropertyType="Integer" />
            <PropertyDefinition Name="Authenticate" DisplayName="Authentication Required" ShortDescription="" DefaultValue="false" PropertyType="Boolean" IsModifiable="true" />
            <PropertyDefinition Name="ConnectorStateClass" DisplayName="Connector State Class" ShortDescription="" DefaultValue="com.metamatrix.connector.xml.http.HTTPConnectorState" IsRequired="true" IsExpert="true" />
            <PropertyDefinition Name="HttpBasicAuthPassword" DisplayName="HTTP Basic Authentication Password" ShortDescription="Password value for HTTP basic authentication" DefaultValue="" IsExpert="true" IsMasked="true" />
            <PropertyDefinition Name="AccessMethod" DisplayName="Access Method" ShortDescription="" DefaultValue="get" IsRequired="true">
                <AllowedValue>get</AllowedValue>
                <AllowedValue>post</AllowedValue>
            </PropertyDefinition>
            <PropertyDefinition Name="ProxyUri" DisplayName="Proxy Server URI" ShortDescription="The URI of the proxy server" DefaultValue="" />
            <PropertyDefinition Name="ExceptionOnIntraQueryCacheExpiration" DisplayName="Exception On Intra-Query Cache Expiration" ShortDescription="Throw an exception when a document expires from the cache between executing different parts of a single query (instead of requesting the document again)" DefaultValue="true" PropertyType="Boolean" IsExpert="true" />
            <PropertyDefinition Name="ConnectorCapabilities" DisplayName="Connector Capabilities Class" ShortDescription="The class to use to provide the Connector Capabilities" DefaultValue="com.metamatrix.connector.xml.base.XMLCapabilities"  IsExpert="true" />
            <PropertyDefinition Name="Standard" DisplayName="Standard Type" ShortDescription="Standard Built-in Connector Type" DefaultValue="true" PropertyType="Boolean" IsExpert="true" IsModifiable="false" />
            <PropertyDefinition Name="HttpBasicAuthUserName" DisplayName="HTTP Basic Authentication Name" ShortDescription="Name value for HTTP basic authentication" DefaultValue="" IsExpert="true" />
            <PropertyDefinition Name="ConnectorClass" DisplayName="Connector Class" ShortDescription="" DefaultValue="com.metamatrix.connector.xml.base.XMLConnector" IsRequired="true" IsExpert="true" />
            <PropertyDefinition Name="Uri" DisplayName="Server URI" ShortDescription="The URI of the HTTP source" IsRequired="true" />
            <PropertyDefinition Name="UseHttpBasic" DisplayName="Use HTTP Basic authentication" ShortDescription="Use basic HTTP Authentication" DefaultValue="false" PropertyType="Boolean" IsExpert="true" />
            <PropertyDefinition Name="LogRequestResponseDocs" DisplayName="Log XML Request and Response Documents" ShortDescription="Write the request and response documents to the log at Info level" DefaultValue="false" PropertyType="Boolean" IsExpert="true" />
            <PropertyDefinition Name="TrustDeserializerClass" DisplayName="Trust Deserializer Class" ShortDescription="The class to use to process trusted payloads and execution payloads" DefaultValue="com.metamatrix.connector.xml.http.DefaultTrustDeserializer"  IsExpert="true" />
            <PropertyDefinition Name="ParameterMethod" DisplayName="Parameter Method" ShortDescription="" DefaultValue="None" IsRequired="true">
                <AllowedValue>None</AllowedValue>
                <AllowedValue>Name/Value</AllowedValue>
                <AllowedValue>XMLRequest</AllowedValue>
                <AllowedValue>XMLInQueryString</AllowedValue>
            </PropertyDefinition>
            <PropertyDefinition Name="MaxMemoryCacheSize" DisplayName="Max Size of in-memory cache (in kb)" ShortDescription="" DefaultValue="16384" IsRequired="true" PropertyType="Integer" />
            <PropertyDefinition Name="InputStreamFilterClass" DisplayName="Input Stream Filter Class" ShortDescription="The class to use to preprocess raw XML input stream" DefaultValue="com.metamatrix.connector.xml.base.PluggableInputStreamFilterImpl"  IsExpert="true" />
            <PropertyDefinition Name="HostnameVerifier" DisplayName="Hostname Verifier" ShortDescription="Class implementing javax.net.ssl.HostnameVerifier.  Used to implement a hostname mismatch workaround."  IsExpert="true" />
            <PropertyDefinition Name="QueryPreprocessorClass" DisplayName="Query Preprocessor Class" ShortDescription="The class to use to preprocess the IQuery" DefaultValue="com.metamatrix.connector.xml.base.NoQueryPreprocessing"  IsExpert="true" />
        </ComponentType>
        <ComponentType Name="XML-Relational SOAP Connector" ComponentTypeCode="2" Deployable="true" Deprecated="false" Monitorable="false" SuperComponentType="XML Connector" ParentComponentType="Connectors" LastChangedDate="2008-10-31T10:26:19.919-06:00" CreationDate="2008-10-31T10:26:19.919-06:00">
            <PropertyDefinition Name="TextExtractionThreshold" DisplayName="Text Extraction Threshold (in kb)" ShortDescription="Extract text sections larger than this size to a file where more efficient access as a CLOB can be effected." DefaultValue="128" PropertyType="Integer" IsExpert="true" />
            <PropertyDefinition Name="AuthPassword" DisplayName="Authentication User Password" ShortDescription="Password value for authentication" DefaultValue="" IsExpert="true" IsMasked="true"  />
            <PropertyDefinition Name="FileCacheLocation" DisplayName="Location of the File Cache" ShortDescription="" DefaultValue="" />
            <PropertyDefinition Name="SaxFilterProviderClass" DisplayName="XML Filter Provider" ShortDescription="The class the provides extended XML Filters" DefaultValue="com.metamatrix.connector.xml.base.NoExtendedFilters"  IsExpert="true" />
            <PropertyDefinition Name="AuthUserName" DisplayName="Authentication User Name" ShortDescription="Name value for authentication" DefaultValue="" IsExpert="true"  />
            <PropertyDefinition Name="CacheTimeout" DisplayName="Cache Timeout (in seconds)" ShortDescription="" DefaultValue="60" IsRequired="true" PropertyType="Integer" />
            <PropertyDefinition Name="WSSecurityType" DisplayName="WS-Security Type(UsernameToken, SAML..)" ShortDescription="Type of WS-Security to be used; Combinations of multiple security types can be used with a space in-between. Allowed types are: (UsernameToken, UsernameToken-Digest, SAMLTokenUnsigned, SAMLTokenSigned, Signature, Timestamp, Encrypt)" DefaultValue=""  />
            <PropertyDefinition Name="XMLParmName" DisplayName="XML Parameter Name" ShortDescription="" DefaultValue="" IsModifiable="false" />
            <PropertyDefinition Name="EncryptUserName" DisplayName="Encrypt UserName (only if Encrypt profile used)" ShortDescription="The username to be used in the encryption; if blank uses auth username" DefaultValue="" IsExpert="true"  />
            <PropertyDefinition Name="ExceptionOnSOAPFault" DisplayName="Exception on SOAP Fault" ShortDescription="Throw connector exception when SOAP fault is returned from source." DefaultValue="true" PropertyType="Boolean" IsExpert="true" />
            <PropertyDefinition Name="MaxFileCacheSize" DisplayName="Max Size of file cache (in kb)" ShortDescription="" DefaultValue="-1" IsRequired="true" PropertyType="Integer" />
            <PropertyDefinition Name="RequestTimeout" DisplayName="Request Timeout (in Milliseconds)" ShortDescription="" DefaultValue="10000" IsRequired="true" PropertyType="Integer" />
            <PropertyDefinition Name="CryptoPropertyFile" DisplayName="User Crypto Property File (If SAML or Signature profile used)" ShortDescription="The file defines properties of cryptography;defines the certificates;(crypto.properties)" DefaultValue="" IsExpert="true"  />
            <PropertyDefinition Name="ConnectorStateClass" DisplayName="Connector State Class" ShortDescription="" DefaultValue="com.metamatrix.connector.xml.soap.SOAPConnectorState" IsRequired="true" IsExpert="true" />
            <PropertyDefinition Name="SOAPAction" DisplayName="SOAP-Action" ShortDescription="Value for SOAP-Action header" DefaultValue="" IsExpert="true" />
            <PropertyDefinition Name="AccessMethod" DisplayName="Access Method (Get, Post)" ShortDescription="" DefaultValue="post" IsModifiable="false">
                <AllowedValue>get</AllowedValue>
                <AllowedValue>post</AllowedValue>
            </PropertyDefinition>
            <PropertyDefinition Name="ProxyUri" DisplayName="Proxy Server URI" ShortDescription="The URI of the proxy server" DefaultValue="" />
            <PropertyDefinition Name="EncryptPropertyFile" DisplayName="Encrypt crypto property file (only if Encrypt profile used)" ShortDescription="The file defines properties of cryptography for encryption of the message;(crypto.properties)" DefaultValue="" IsExpert="true"  />
            <PropertyDefinition Name="ExceptionOnIntraQueryCacheExpiration" DisplayName="Exception On Intra-Query Cache Expiration" ShortDescription="Throw an exception when a document expires from the cache between executing different parts of a single query (instead of requesting the document again)" DefaultValue="true" PropertyType="Boolean" IsExpert="true" />
            <PropertyDefinition Name="ConnectorCapabilities" DisplayName="Connector Capabilities Class" ShortDescription="The class to use to provide the Connector Capabilities" DefaultValue="com.metamatrix.connector.xml.base.XMLCapabilities"  IsExpert="true" />
            <PropertyDefinition Name="SAMLPropertyFile" DisplayName="SAML Property File (only required when SAML profile used)" ShortDescription="SAML Security property file (saml.properties)" DefaultValue="" IsExpert="true"  />
            <PropertyDefinition Name="Standard" DisplayName="Standard Type" ShortDescription="Standard Built-in Connector Type" DefaultValue="true" PropertyType="Boolean" IsExpert="true" IsModifiable="false" />
            <PropertyDefinition Name="EncodingStyle" DisplayName="Encoding Style (RPC - Encoded, RPC - Literal, Document - Literal, Document - Encoded)" ShortDescription="Encoding Style" DefaultValue="Document - Literal" IsRequired="true">
                <AllowedValue>RPC - Encoded</AllowedValue>
                <AllowedValue>RPC - Literal</AllowedValue>
                <AllowedValue>Document - Literal</AllowedValue>
                <AllowedValue>Document - Encoded</AllowedValue>
            </PropertyDefinition>
            <PropertyDefinition Name="ConnectorClass" DisplayName="Connector Class" ShortDescription="" DefaultValue="com.metamatrix.connector.xml.base.XMLConnector" IsRequired="true" IsExpert="true" />
            <PropertyDefinition Name="Uri" DisplayName="Server URI" ShortDescription="The URI of the HTTP source" IsRequired="true" />
            <PropertyDefinition Name="SecurityType" DisplayName="WebService Security Used(None, HTTPBasic, WS-Security)" ShortDescription="Type of Authentication to used with the web service; If WS-Secuirty is being used, then WS-Secuirty type must be defined" DefaultValue="None" IsRequired="true"  />
            <PropertyDefinition Name="LogRequestResponseDocs" DisplayName="Log XML Request and Response Documents" ShortDescription="Write the request and response documents to the log at Info level" DefaultValue="false" PropertyType="Boolean" IsExpert="true" />
            <PropertyDefinition Name="TrustDeserializerClass" DisplayName="Trust Deserializer Class" ShortDescription="The class to use to process trusted payloads and execution payloads" DefaultValue="com.metamatrix.connector.xml.soap.DefaultSoapTrustDeserializer"  IsExpert="true" />
            <PropertyDefinition Name="ParameterMethod" DisplayName="Parameter Method (None, Name/Value, XMLRequest, XMLInQueryString)" ShortDescription="" DefaultValue="XMLRequest" IsModifiable="false">
                <AllowedValue>None</AllowedValue>
                <AllowedValue>Name/Value</AllowedValue>
                <AllowedValue>XMLRequest</AllowedValue>
                <AllowedValue>XMLInQueryString</AllowedValue>
            </PropertyDefinition>
            <PropertyDefinition Name="InputStreamFilterClass" DisplayName="Input Stream Filter Class" ShortDescription="The class to use to preprocess raw XML input stream" DefaultValue="com.metamatrix.connector.xml.base.PluggableInputStreamFilterImpl"  IsExpert="true" />
            <PropertyDefinition Name="MaxMemoryCacheSize" DisplayName="Max Size of in-memory cache (in kb)" ShortDescription="" DefaultValue="16384" IsRequired="true" PropertyType="Integer" />
            <PropertyDefinition Name="HostnameVerifier" DisplayName="Hostname Verifier" ShortDescription="a class implmenting javax.net.ssl.HostnameVerifier.  Used to implement a hostname mismatch workaround."  IsExpert="true" />
            <PropertyDefinition Name="TrustType" DisplayName="Trust Type:(DirectReference or IssuerSerial)" ShortDescription="Only required for Signature and Signed SAML; The issuer-serial method presumes that all trusted users of the service are known to the service and have pre-registered their certificate chains before using the service. The direct-reference method presumes that the service operator trusts all users with certificates issued by a trusted CA." DefaultValue="DirectReference" IsExpert="true"  />
            <PropertyDefinition Name="QueryPreprocessorClass" DisplayName="Query Preprocessor Class" ShortDescription="The class to use to preprocess the IQuery" DefaultValue="com.metamatrix.connector.xml.base.NoQueryPreprocessing"  IsExpert="true" />
        </ComponentType>
        