        <ComponentType Name="Salesforce Connector" ComponentTypeCode="2" Deployable="true" Deprecated="false" Monitorable="false" SuperComponentType="Connector" ParentComponentType="Connectors" LastChangedDate="2008-10-31T10:26:19.916-06:00" CreationDate="2008-10-31T10:26:19.916-06:00">
            <PropertyDefinition Name="ConnectorTypeClassPath" DisplayName="Connector Type Class Path" ShortDescription="Connector Type classpath (defined by system, do not modify)" DefaultValue="extensionjar:connector_patch.jar;extensionjar:${project.artifactId}-${project.version}.jar;${classpath}" IsModifiable="false" />
            <PropertyDefinition Name="UsePostDelegation" DisplayName="Use Separate Classloader" ShortDescription="Set to true to indicate that the connector classpath and connector type classpath entries should be loaded by a connector specific post-delegation class loader." PropertyType="Boolean" IsRequired="true" IsExpert="true" DefaultValue="true"/>
            <PropertyDefinition Name="username" DisplayName="User Name" ShortDescription="Name value for Salesforce authentication" DefaultValue="" IsRequired="true"  />
            <PropertyDefinition Name="ConnectorStateClass" DisplayName="Connector State Class" ShortDescription="" DefaultValue="com.metamatrix.connector.salesforce.ConnectorState" IsRequired="true" IsExpert="true" />
            <PropertyDefinition Name="ConnectorClass" DisplayName="Connector Class" ShortDescription="" DefaultValue="com.metamatrix.connector.salesforce.Connector" IsRequired="true" IsExpert="true" />
            <PropertyDefinition Name="password" DisplayName="Password" ShortDescription="Password value for Salesforce authentication" DefaultValue="" IsRequired="true" IsMasked="true"  />
            <PropertyDefinition Name="URL" DisplayName="Salesforce URL" ShortDescription="URL for connecting to Salesforce" DefaultValue="" IsExpert="true" />
            <PropertyDefinition Name="ConnectorCapabilities" DisplayName="Connector Capabilities Class" ShortDescription="The class to use to provide the Connector Capabilities" DefaultValue="com.metamatrix.connector.salesforce.SalesforceCapabilities"  IsExpert="true" />
        </ComponentType>
        